Name,Role,Notes,Company_Name,CSE_ID,CSE_Name,Retrieved,Check_Needed
 Amarasuriya A.S. ," Independent, Non-Executive Director",Chairman,Agalawatte Plantations PLC,AGAL.N0000,AGALAWATTE PLANTATIONS PLC,4/7/19,FALSE
 Gunathilake G.P.N.A.G. ,"Non-Independent, Executive Director",Chief Executive Officer,Agalawatte Plantations PLC,AGAL.N0000,AGALAWATTE PLANTATIONS PLC,4/7/19,FALSE
Ramanayake R.P..L. ,"Non-Independent, Non-Executive Director",,Agalawatte Plantations PLC,AGAL.N0000,AGALAWATTE PLANTATIONS PLC,4/7/19,FALSE
Asanga W.A.A. ,"Non-Independent, Non-Executive Director",,Agalawatte Plantations PLC,AGAL.N0000,AGALAWATTE PLANTATIONS PLC,4/7/19,FALSE
Rajasekara L.R.W.S. ,"Non-Independent, Non-Executive Director",,Agalawatte Plantations PLC,AGAL.N0000,AGALAWATTE PLANTATIONS PLC,4/7/19,FALSE
Ranaweera R. K. A. ,Independent Non-Executive Director,,Agalawatte Plantations PLC,AGAL.N0000,AGALAWATTE PLANTATIONS PLC,4/7/19,FALSE
 Jayawardena D.H.S.,Managing Director,,Balangoda Plantations PLC,BALA.N0000,BALANGODA PLANTATIONS PLC,4/7/19,FALSE
 Weerakoon J.R.,Chief Executive Officer,,Balangoda Plantations PLC,BALA.N0000,BALANGODA PLANTATIONS PLC,4/7/19,FALSE
Jansz C.R,,,Balangoda Plantations PLC,BALA.N0000,BALANGODA PLANTATIONS PLC,4/7/19,FALSE
Shakthevale A.,,,Balangoda Plantations PLC,BALA.N0000,BALANGODA PLANTATIONS PLC,4/7/19,FALSE
Amarasekera D.S.K.,,,Balangoda Plantations PLC,BALA.N0000,BALANGODA PLANTATIONS PLC,4/7/19,FALSE
"Jayawardena, D.Hasitha Stassen ",Non-Executive Non-Independent Director,,Balangoda Plantations PLC,BALA.N0000,BALANGODA PLANTATIONS PLC,4/7/19,FALSE
Perera A.S. ,Executive Non-Independent Director,,Balangoda Plantations PLC,BALA.N0000,BALANGODA PLANTATIONS PLC,4/7/19,FALSE
Gooneratne A.L.,,,Balangoda Plantations PLC,BALA.N0000,BALANGODA PLANTATIONS PLC,4/7/19,FALSE
 Ambani D.J.,Chairman,,Bogawantalawa Tea Estates PLC,BOPL.N0000,BOGAWANTALAWA TEA ESTATES PLC,4/7/19,FALSE
 Ambani L.J.,Co-Chairman,,Bogawantalawa Tea Estates PLC,BOPL.N0000,BOGAWANTALAWA TEA ESTATES PLC,4/7/19,FALSE
Non-Executive Deputy  Molligoda J.,Chairman,,Bogawantalawa Tea Estates PLC,BOPL.N0000,BOGAWANTALAWA TEA ESTATES PLC,4/7/19,FALSE
Acting  Samarakone M.,Chief Executive Officer,,Bogawantalawa Tea Estates PLC,BOPL.N0000,BOGAWANTALAWA TEA ESTATES PLC,4/7/19,FALSE
Haglind C.M.O,,,Bogawantalawa Tea Estates PLC,BOPL.N0000,BOGAWANTALAWA TEA ESTATES PLC,4/7/19,FALSE
Wickamanayake D.A.De Silva,,,Bogawantalawa Tea Estates PLC,BOPL.N0000,BOGAWANTALAWA TEA ESTATES PLC,4/7/19,FALSE
Jayasundara S.A.S.,Independent Director,,Bogawantalawa Tea Estates PLC,BOPL.N0000,BOGAWANTALAWA TEA ESTATES PLC,4/7/19,FALSE
Nanayakkara G. V. M. ,Independent Non-Executive Director,,Bogawantalawa Tea Estates PLC,BOPL.N0000,BOGAWANTALAWA TEA ESTATES PLC,4/7/19,FALSE
Munasinghe L.H. ,Executive Director,,Bogawantalawa Tea Estates PLC,BOPL.N0000,BOGAWANTALAWA TEA ESTATES PLC,4/7/19,FALSE
 Dissanayake M.P.,Chairman,,Elpitiya Plantations,ELPL.N0000,ELPITIYA PLANTATIONS PLC,4/7/19,TRUE
 Fernando R.M.,Managing Director,,Elpitiya Plantations,ELPL.N0000,ELPITIYA PLANTATIONS PLC,4/7/19,TRUE
 Bulumulla B. ,Executive Director,Chief Executive Officer,Elpitiya Plantations,ELPL.N0000,ELPITIYA PLANTATIONS PLC,4/7/19,TRUE
Merrill J Fernando,,,Elpitiya Plantations,ELPL.N0000,ELPITIYA PLANTATIONS PLC,4/7/19,TRUE
Malik J Fernando,,,Elpitiya Plantations,ELPL.N0000,ELPITIYA PLANTATIONS PLC,4/7/19,TRUE
Ekanayake A.,Independent Director,,Elpitiya Plantations,ELPL.N0000,ELPITIYA PLANTATIONS PLC,4/7/19,TRUE
Ratwatte S.C.,,,Elpitiya Plantations,ELPL.N0000,ELPITIYA PLANTATIONS PLC,4/7/19,TRUE
Bogahawatta B.W.G.C.S. ,Non Executive Director,,Elpitiya Plantations,ELPL.N0000,ELPITIYA PLANTATIONS PLC,4/7/19,TRUE
Sosa A. T. S. ,Alternate Director to Mr. Merrill J Fernando,,Elpitiya Plantations,ELPL.N0000,ELPITIYA PLANTATIONS PLC,4/7/19,TRUE
Wickremanayake D.A. de S. ,Non-Independent Non-Executive,,Elpitiya Plantations,ELPL.N0000,ELPITIYA PLANTATIONS PLC,4/7/19,TRUE
 Pandithage M. ,Executive,Chairman,Horana Plantations PLC,HOPL.N0000,HORANA PLANTATIONS PLC,4/7/19,FALSE
Deputy  Perera K.D.D. ,Non-Executive Director,Chairman,Horana Plantations PLC,HOPL.N0000,HORANA PLANTATIONS PLC,4/7/19,FALSE
 Rajadurai W.G.R.,Managing Director,,Horana Plantations PLC,HOPL.N0000,HORANA PLANTATIONS PLC,4/7/19,FALSE
 Kariapperuma J.M. ,Executive Director,Chief Executive Officer,Horana Plantations PLC,HOPL.N0000,HORANA PLANTATIONS PLC,4/7/19,FALSE
Wickremasinghe A.N. ,Independent Non-Executive Director,,Horana Plantations PLC,HOPL.N0000,HORANA PLANTATIONS PLC,4/7/19,FALSE
Fernando L.J.A.,,,Horana Plantations PLC,HOPL.N0000,HORANA PLANTATIONS PLC,4/7/19,FALSE
Gunaratne K.D.G.,Independent Non-Executive Director ,,Horana Plantations PLC,HOPL.N0000,HORANA PLANTATIONS PLC,4/7/19,FALSE
Perera K.D.H. ,Independent Non-Executive Director,,Horana Plantations PLC,HOPL.N0000,HORANA PLANTATIONS PLC,4/7/19,FALSE
Bogahalande N.T. ,Alternate Director to Mr. K.D.H. Perera,,Horana Plantations PLC,HOPL.N0000,HORANA PLANTATIONS PLC,4/7/19,FALSE
Ganegoda S.C. ,Independent Non-Executive Director,,Horana Plantations PLC,HOPL.N0000,HORANA PLANTATIONS PLC,4/7/19,FALSE
Sirisena S.S. ,Independent Non-Executive Director,,Horana Plantations PLC,HOPL.N0000,HORANA PLANTATIONS PLC,4/7/19,FALSE
 Gunasekera A.,Executive Director / CEO,,Kahawatte Plantations PLC,KAHA.N0000,KAHAWATTE PLANTATIONS PLC,4/7/19,FALSE
 Fernando Merrill J. ,Non-Executive Director,Chairman,Kahawatte Plantations PLC,KAHA.N0000,KAHAWATTE PLANTATIONS PLC,4/7/19,FALSE
Fernando M.J.,,,Kahawatte Plantations PLC,KAHA.N0000,KAHAWATTE PLANTATIONS PLC,4/7/19,FALSE
Perera M.D.A.,,,Kahawatte Plantations PLC,KAHA.N0000,KAHAWATTE PLANTATIONS PLC,4/7/19,FALSE
Wickrematunga D.P.,Independent Director,,Kahawatte Plantations PLC,KAHA.N0000,KAHAWATTE PLANTATIONS PLC,4/7/19,FALSE
Fernando D.C.,,,Kahawatte Plantations PLC,KAHA.N0000,KAHAWATTE PLANTATIONS PLC,4/7/19,FALSE
Ranaweera H.S.,,,Kahawatte Plantations PLC,KAHA.N0000,KAHAWATTE PLANTATIONS PLC,4/7/19,FALSE
Gunaratne M.H. ,Independent Non-Executive Director,,Kahawatte Plantations PLC,KAHA.N0000,KAHAWATTE PLANTATIONS PLC,4/7/19,FALSE
Amerasekera N. M. ,Independent Non-Executive Director,,Kahawatte Plantations PLC,KAHA.N0000,KAHAWATTE PLANTATIONS PLC,4/7/19,FALSE
Gunasekera A. ,Alternate Director to H.Ranaweera,,Kahawatte Plantations PLC,KAHA.N0000,KAHAWATTE PLANTATIONS PLC,4/7/19,FALSE
 Yaddehige S.,Chairman,,Kegalle Plantations PLC,KGAL.N0000,KEGALLE PLANTATIONS PLC,4/7/19,FALSE
 Eriyagama S.,Chief Executive Officer (Acting),,Kegalle Plantations PLC,KGAL.N0000,KEGALLE PLANTATIONS PLC,4/7/19,FALSE
Nugawela A.,,,Kegalle Plantations PLC,KGAL.N0000,KEGALLE PLANTATIONS PLC,4/7/19,FALSE
Jayawardena Sri S.G.,,,Kegalle Plantations PLC,KGAL.N0000,KEGALLE PLANTATIONS PLC,4/7/19,FALSE
Yaddehige S. ,Non Executive Director,,Kegalle Plantations PLC,KGAL.N0000,KEGALLE PLANTATIONS PLC,4/7/19,FALSE
Liyanage S. ,Non Executive Director,,Kegalle Plantations PLC,KGAL.N0000,KEGALLE PLANTATIONS PLC,4/7/19,FALSE
 Pandithage A.M. ,Executive Director,Chairman,Kelani Valley Plantations PLC,KVAL.N0000,KELANI VALLEY PLANTATIONS PLC,4/7/19,FALSE
 Weerakoon A. ,Executive Director,Chief Executive Officer,Kelani Valley Plantations PLC,KVAL.N0000,KELANI VALLEY PLANTATIONS PLC,4/7/19,FALSE
 Rajadurai W.G.R. ,Executive Director,Managing Director,Kelani Valley Plantations PLC,KVAL.N0000,KELANI VALLEY PLANTATIONS PLC,4/7/19,FALSE
Mohideen F.,Independent Non-Executive Director,,Kelani Valley Plantations PLC,KVAL.N0000,KELANI VALLEY PLANTATIONS PLC,4/7/19,FALSE
Ganegoda S.C.,Non-Executive Director,,Kelani Valley Plantations PLC,KVAL.N0000,KELANI VALLEY PLANTATIONS PLC,4/7/19,FALSE
Cabraal C.V. ,Independent Non-Executive Director,,Kelani Valley Plantations PLC,KVAL.N0000,KELANI VALLEY PLANTATIONS PLC,4/7/19,FALSE
Wijeyeratne L.N. De S ,Non-Executive Independent Director,,Kelani Valley Plantations PLC,KVAL.N0000,KELANI VALLEY PLANTATIONS PLC,4/7/19,FALSE
 Arudpragasam S.D.R.,Chairman,,Kotagala Plantations PLC,KOTA.N0000,KOTAGALA PLANTATIONS PLC,4/7/19,FALSE
Deputy  Perera C.P.R.,Chairman,,Kotagala Plantations PLC,KOTA.N0000,KOTAGALA PLANTATIONS PLC,4/7/19,FALSE
 Madugalle M.S. ,Executive Director,Chief Executive Officer,Kotagala Plantations PLC,KOTA.N0000,KOTAGALA PLANTATIONS PLC,4/7/19,FALSE
Rajaratnam Alagarajah,,,Kotagala Plantations PLC,KOTA.N0000,KOTAGALA PLANTATIONS PLC,4/7/19,FALSE
Peries R.C. ,Non-Executive Director,,Kotagala Plantations PLC,KOTA.N0000,KOTAGALA PLANTATIONS PLC,4/7/19,FALSE
Ratwatte D A .,,,Kotagala Plantations PLC,KOTA.N0000,KOTAGALA PLANTATIONS PLC,4/7/19,FALSE
perera G.D.V.,,,Kotagala Plantations PLC,KOTA.N0000,KOTAGALA PLANTATIONS PLC,4/7/19,FALSE
Jayaratne A.M.de S. ,Independent Non-Executive Director,,Kotagala Plantations PLC,KOTA.N0000,KOTAGALA PLANTATIONS PLC,4/7/19,FALSE
Tillekeratne L.M.K. ,Independent Non-Executive Director,,Kotagala Plantations PLC,KOTA.N0000,KOTAGALA PLANTATIONS PLC,4/7/19,FALSE
Edwards R. ,Alternate Director to Mr. A. Rajaratnam,,Kotagala Plantations PLC,KOTA.N0000,KOTAGALA PLANTATIONS PLC,4/7/19,FALSE
Poholiyadde S.S. ,Executive Director,,Kotagala Plantations PLC,KOTA.N0000,KOTAGALA PLANTATIONS PLC,4/7/19,FALSE
 Jayawardena D.H.S.,Chairman,,Madulsima Plantations PLC,MADU.N0000,MADULSIMA PLANTATIONS PLC,4/7/19,FALSE
 Pathirana P. D.,Chief Executive Officer,,Madulsima Plantations PLC,MADU.N0000,MADULSIMA PLANTATIONS PLC,4/7/19,FALSE
Gaffar N.M. Abdul,,,Madulsima Plantations PLC,MADU.N0000,MADULSIMA PLANTATIONS PLC,4/7/19,FALSE
Shakthevale A. ,Independent Director,,Madulsima Plantations PLC,MADU.N0000,MADULSIMA PLANTATIONS PLC,4/7/19,FALSE
Amarasekera don S.K. ,Independent Director,,Madulsima Plantations PLC,MADU.N0000,MADULSIMA PLANTATIONS PLC,4/7/19,FALSE
"Jayawardena, D.Hasitha Stassen ",Non-Executive Non-Independent Director,,Madulsima Plantations PLC,MADU.N0000,MADULSIMA PLANTATIONS PLC,4/7/19,FALSE
Basnayake B.M.D.K.S , Executive Non Independent,,Madulsima Plantations PLC,MADU.N0000,MADULSIMA PLANTATIONS PLC,4/7/19,FALSE
 Bogtstra L.,Managing Director / CEO,,Malwatte Valley Plantations PLC,MAL.X0000,MALWATTE VALLEY PLANTATIONS PLC,4/7/19,FALSE
 Bogtstra F.,Chairman,,Malwatte Valley Plantations PLC,MAL.X0000,MALWATTE VALLEY PLANTATIONS PLC,4/7/19,FALSE
Gerlach T.R. ,Alternate Director to Mrs. C.A. Gerlach,,Malwatte Valley Plantations PLC,MAL.X0000,MALWATTE VALLEY PLANTATIONS PLC,4/7/19,FALSE
Gerlach C.A.,,,Malwatte Valley Plantations PLC,MAL.X0000,MALWATTE VALLEY PLANTATIONS PLC,4/7/19,FALSE
De Silva C.,Independent Non Executive Director,,Malwatte Valley Plantations PLC,MAL.X0000,MALWATTE VALLEY PLANTATIONS PLC,4/7/19,FALSE
De Silva A.D.A.N. ,Independent Non Executive Director,,Malwatte Valley Plantations PLC,MAL.X0000,MALWATTE VALLEY PLANTATIONS PLC,4/7/19,FALSE
Gunasekera K. A. S. ,Independent Non Executive Director,,Malwatte Valley Plantations PLC,MAL.X0000,MALWATTE VALLEY PLANTATIONS PLC,4/7/19,FALSE
Piyaratne K.G.M. ,Executive Director,,Malwatte Valley Plantations PLC,MAL.X0000,MALWATTE VALLEY PLANTATIONS PLC,4/7/19,FALSE
Samaradiwakara S. D. ,Executive Director,,Malwatte Valley Plantations PLC,MAL.X0000,MALWATTE VALLEY PLANTATIONS PLC,4/7/19,FALSE
 Yaddehige S.,Chairman,,Maskeliya Plantations PLC,MASK.N0000,MASKELIYA PLANTATIONS PLC,4/7/19,FALSE
 Pathiraja M.,Chief Executive Officer,,Maskeliya Plantations PLC,MASK.N0000,MASKELIYA PLANTATIONS PLC,4/7/19,FALSE
Hettiarachchi L.S.K.,,,Maskeliya Plantations PLC,MASK.N0000,MASKELIYA PLANTATIONS PLC,4/7/19,FALSE
Fernando J.L.A. ,Non Executive Director,,Maskeliya Plantations PLC,MASK.N0000,MASKELIYA PLANTATIONS PLC,4/7/19,FALSE
Yaddehige S. ,Non Executive Director,,Maskeliya Plantations PLC,MASK.N0000,MASKELIYA PLANTATIONS PLC,4/7/19,FALSE
Samaraweera S.A. ,Independent Director,,Maskeliya Plantations PLC,MASK.N0000,MASKELIYA PLANTATIONS PLC,4/7/19,FALSE
Liyanage S. ,Non Executive Director,,Maskeliya Plantations PLC,MASK.N0000,MASKELIYA PLANTATIONS PLC,4/7/19,FALSE
 Yaddehige S.,Chairman,,Namunukula Plantations PLC,NAMU.N0000,NAMUNUKULA PLANTATIONS PLC,4/7/19,FALSE
 Eriyagama S.,Chief Executive Officer,,Namunukula Plantations PLC,NAMU.N0000,NAMUNUKULA PLANTATIONS PLC,4/7/19,FALSE
Peiris N.C.,,,Namunukula Plantations PLC,NAMU.N0000,NAMUNUKULA PLANTATIONS PLC,4/7/19,FALSE
Rodrigo B.A.T. ,Non Executive Director,,Namunukula Plantations PLC,NAMU.N0000,NAMUNUKULA PLANTATIONS PLC,4/7/19,FALSE
Yaddehige S. ,Non Executive Director,,Namunukula Plantations PLC,NAMU.N0000,NAMUNUKULA PLANTATIONS PLC,4/7/19,FALSE
Amerasinghe G. ,Independent Director,,Namunukula Plantations PLC,NAMU.N0000,NAMUNUKULA PLANTATIONS PLC,4/7/19,FALSE
Liyanage S. ,Non Executive Director,,Namunukula Plantations PLC,NAMU.N0000,NAMUNUKULA PLANTATIONS PLC,4/7/19,FALSE
 Ratwatte N.K.H.,Chairman,,Pussellawa Plantations Limited,UDPL.N0000,UDAPUSSELLAWA PLANTATIONS PLC,4/7/19,TRUE
 Ratwatte D.J. ,Executive Director,Chief Executive Officer,Pussellawa Plantations Limited,UDPL.N0000,UDAPUSSELLAWA PLANTATIONS PLC,4/7/19,TRUE
 Jayasinghe N.H.G.S. ,Executive Director,Managing Director,Pussellawa Plantations Limited,UDPL.N0000,UDAPUSSELLAWA PLANTATIONS PLC,4/7/19,TRUE
Rutherford J.M. ,Non-Executive Director,,Pussellawa Plantations Limited,UDPL.N0000,UDAPUSSELLAWA PLANTATIONS PLC,4/7/19,TRUE
Chambers G.R. ,Non-Executive Director,,Pussellawa Plantations Limited,UDPL.N0000,UDAPUSSELLAWA PLANTATIONS PLC,4/7/19,TRUE
Pietersz M. C. ,Executive Director,,Pussellawa Plantations Limited,UDPL.N0000,UDAPUSSELLAWA PLANTATIONS PLC,4/7/19,TRUE
Soosaipillai E.D.P. ,Independent Non Executive Director,,Pussellawa Plantations Limited,UDPL.N0000,UDAPUSSELLAWA PLANTATIONS PLC,4/7/19,TRUE
Dasanayaka G.K.B. ,Independent Non Executive Director,,Pussellawa Plantations Limited,UDPL.N0000,UDAPUSSELLAWA PLANTATIONS PLC,4/7/19,TRUE
 Pandithage A.M. ,Executive Director,Chairman,Talawakelle Plantations,TPL.N0000,TALAWAKELLE TEA ESTATES PLC,4/7/19,TRUE
 Rajadurai W.G.R. ,Executive Director,Managing Director,Talawakelle Plantations,TPL.N0000,TALAWAKELLE TEA ESTATES PLC,4/7/19,TRUE
 Seneviratne D.S. ,Executive Director,Chief Executive Officer,Talawakelle Plantations,TPL.N0000,TALAWAKELLE TEA ESTATES PLC,4/7/19,TRUE
 Munasinghe L.,Deputy Chief Executive Officer,,Talawakelle Plantations,TPL.N0000,TALAWAKELLE TEA ESTATES PLC,4/7/19,TRUE
Fernando Merril J. ,Non-Executive Director,,Talawakelle Plantations,TPL.N0000,TALAWAKELLE TEA ESTATES PLC,4/7/19,TRUE
Fernando Malik J. ,Non-Executive Director,,Talawakelle Plantations,TPL.N0000,TALAWAKELLE TEA ESTATES PLC,4/7/19,TRUE
Perera M.D.A. ,Non-Executive Director,,Talawakelle Plantations,TPL.N0000,TALAWAKELLE TEA ESTATES PLC,4/7/19,TRUE
Bogahalande N.T. ,Independent Non-Executive Director,,Talawakelle Plantations,TPL.N0000,TALAWAKELLE TEA ESTATES PLC,4/7/19,TRUE
Fernando D.C. ,Alternate Director to Mr. Malik J. Fernando,,Talawakelle Plantations,TPL.N0000,TALAWAKELLE TEA ESTATES PLC,4/7/19,TRUE
Athukorala S. L. ,Independent Non-Executive Director,,Talawakelle Plantations,TPL.N0000,TALAWAKELLE TEA ESTATES PLC,4/7/19,TRUE
Jamaldeen M.H. ,Independent Non-Executive Director,,Talawakelle Plantations,TPL.N0000,TALAWAKELLE TEA ESTATES PLC,4/7/19,TRUE
 Wijesinha S.G. ,Independent Director,Chairman,Watawala Plantations PLC,WATA.N0000,WATAWALA PLANTATIONS PLC,4/7/19,FALSE
 Pananwala B. N.,Chief Executive Officer,,Watawala Plantations PLC,WATA.N0000,WATAWALA PLANTATIONS PLC,4/7/19,FALSE
Sathasivam G.,,,Watawala Plantations PLC,WATA.N0000,WATAWALA PLANTATIONS PLC,4/7/19,FALSE
Govindasamy V.,,,Watawala Plantations PLC,WATA.N0000,WATAWALA PLANTATIONS PLC,4/7/19,FALSE
Sathasivam S.G. ,Alternate Director to Mr. G. Sathasivam,,Watawala Plantations PLC,WATA.N0000,WATAWALA PLANTATIONS PLC,4/7/19,FALSE
Fernando N.,,,Watawala Plantations PLC,WATA.N0000,WATAWALA PLANTATIONS PLC,4/7/19,FALSE
Mawzoon M.S.,,,Watawala Plantations PLC,WATA.N0000,WATAWALA PLANTATIONS PLC,4/7/19,FALSE
Weerasekera N.B. ,Independent Non Executive Director,,Watawala Plantations PLC,WATA.N0000,WATAWALA PLANTATIONS PLC,4/7/19,FALSE
Karunagaran P. ,Non Independent Non-Executive Director alternate director Mr. T. Siddique,,Watawala Plantations PLC,WATA.N0000,WATAWALA PLANTATIONS PLC,4/7/19,FALSE
Siddique T. ,Alternate Director to Mr. P. Karunagaran,,Watawala Plantations PLC,WATA.N0000,WATAWALA PLANTATIONS PLC,4/7/19,FALSE